scenario_name,opponent,description,conditions_used,condition_lifts,combined_lift,alpha,adjusted_probability_gain,baseline_p_nyk_beats_okc,baseline_p_nyk_beats_sas,adjusted_p_nyk_beats_okc,adjusted_p_nyk_beats_sas,baseline_p_title,adjusted_p_title,title_probability_gain
OKC-1 SGA pressure and efficiency reduction,OKC,Knicks force SGA into a higher-turnover and lower-efficiency creation game.,SGA_TOV >= 4; SGA_TS_PCT < 0.58,0.111453; 0.109163,0.11053686678791566,0.5,0.05526843339395783,0.6654601861427094,0.4039743723304511,0.7207286195366672,0.4039743723304511,0.46466,0.4774866980220697,0.012826698022069705
OKC-2 Bench survival,OKC,Knicks prevent OKC's bench from creating its usual scoring and plus-minus advantage.,OKC_BENCH_POINTS < team median; OKC_BENCH_MARGIN < 0,0.074363; 0.060938,0.06899294792701155,0.6,0.04139576875620693,0.6654601861427094,0.4039743723304511,0.7068559548989164,0.4039743723304511,0.46466,0.4742671300129405,0.009607130012940501
SAS-1 Wembanyama spacing neutralization,SAS,Knicks use Towns spacing and drive-and-kick offense to reduce Wembanyama's rim-protection impact and increase three-point pressure.,WEMBANYAMA_BLK <= 2; OPP_FG3A above opponent median; OPP_FG3_PCT above opponent median,-0.008538; -0.004372; 0.128962,0.06146174863387979,0.65,0.03995013661202187,0.6654601861427094,0.4039743723304511,0.6654601861427094,0.44392450894247293,0.46466,0.49533850890710385,0.03067850890710383
SAS-3 Bench and rebounding control,SAS,Knicks win non-Wembanyama minutes and prevent San Antonio from controlling the glass.,SAS_BENCH_MARGIN < 0; SAS_BENCH_POINTS < team median; WEMBANYAMA_REB < 10,0.080923; 0.066893; -0.064372,0.047654784468903436,0.55,0.02621013145789689,0.6654601861427094,0.4039743723304511,0.6654601861427094,0.430184503788348,0.46466,0.4847872841491482,0.02012728414914816
Combined best actionable plan,OKC/SAS,"Applies OKC-1, OKC-2, SAS-1, and SAS-3 with a 0.75 overlap factor within each opponent.",OKC-1; OKC-2; SAS-1; SAS-3,,,,,0.6654601861427094,0.4039743723304511,0.7379583377553329,0.45359457338289016,0.46466,0.5195897158184467,0.05492971581844669
